{"URL": "iscapexdev.database.windows.net", "Database": "bc_DEV_NITRO", "Consultas": 500, "Media": 0.1607309111994691, "Mediana": 0.15872579999268055, "Variancia": 0.00010002646199216622, "Desvio Padrao": 0.010001323012090262, "Avaliacao": "Bom", "Tempos": [0.3109797998331487, 0.15909520001150668, 0.15874160011298954, 0.15850199991837144, 0.15966759994626045, 0.1633301000110805, 0.15842129988595843, 0.15824640006758273, 0.15978690003976226, 0.1591727000195533, 0.16919919988140464, 0.15981490002013743, 0.15889979992061853, 0.15884060016833246, 0.15807340014725924, 0.15834429999813437, 0.1583195999264717, 0.1589698998723179, 0.15879080002196133, 0.1575885999482125, 0.1588409999385476, 0.1586134999524802, 0.15850130002945662, 0.15934209991246462, 0.1583356000483036, 0.15850690007209778, 0.15885229990817606, 0.15934720006771386, 0.15838290005922318, 0.18972779996693134, 0.16024839994497597, 0.15987180010415614, 0.1580831001047045, 0.15832650009542704, 0.15851239999756217, 0.17382399993948638, 0.15944499988108873, 0.15911299991421402, 0.15985319996252656, 0.15870929998345673, 0.15814389986917377, 0.15980069991201162, 0.15899750008247793, 0.15897440002299845, 0.15843650000169873, 0.15812890022061765, 0.15866700001060963, 0.15914639993570745, 0.1588870999403298, 0.15869630011729896, 0.15920520015060902, 0.16457380005158484, 0.15859899995848536, 0.15818380005657673, 0.2013503999914974, 0.15769580006599426, 0.1574523001909256, 0.1587759000249207, 0.1582607999444008, 0.15852080006152391, 0.1590698000509292, 0.15825199987739325, 0.1579807000234723, 0.15853010001592338, 0.15824889997020364, 0.15817950014024973, 0.15816470002755523, 0.15872590010985732, 0.15985719999298453, 0.15855990001000464, 0.15780439996160567, 0.15828539989888668, 0.1589137001428753, 0.1579648999031633, 0.15849400009028614, 0.1599963998887688, 0.15899550006724894, 0.17424719990231097, 0.1583179000299424, 0.15922680008225143, 0.15978790004737675, 0.15736329997889698, 0.1584262999240309, 0.15981350000947714, 0.15875489986501634, 0.15837009996175766, 0.15934580005705357, 0.15886700013652444, 0.15858699986711144, 0.15848750015720725, 0.15921880002133548, 0.15822069998830557, 0.2046469000633806, 0.1590035001281649, 0.15843489998951554, 0.15891600004397333, 0.15914359991438687, 0.15965660009533167, 0.1756183998659253, 0.1593729997985065, 0.15796270011924207, 0.15894170012325048, 0.15842540003359318, 0.15785990003496408, 0.15882869996130466, 0.15983560006134212, 0.15869129984639585, 0.15894389990717173, 0.1587716001085937, 0.15860520000569522, 0.16017920011654496, 0.16163730015978217, 0.15855309995822608, 0.1583632999099791, 0.15777279995381832, 0.15845989994704723, 0.16449250001460314, 0.2110907998867333, 0.1588730001822114, 0.15885140001773834, 0.15910129994153976, 0.15797509998083115, 0.1586110999342054, 0.16345110000111163, 0.15918900002725422, 0.15825920016504824, 0.15841079992242157, 0.1594322999008, 0.1600274001248181, 0.15781629993580282, 0.15878949989564717, 0.15836800006218255, 0.1592208999209106, 0.15828830003738403, 0.15950620011426508, 0.1592277002055198, 0.16195379989221692, 0.158062000060454, 0.1594076999463141, 0.15855220006778836, 0.163597600068897, 0.15885069989599288, 0.2073502999264747, 0.15870829997584224, 0.1592417999636382, 0.158987500006333, 0.159016199875623, 0.1580876000225544, 0.16268420009873807, 0.15909849992021918, 0.15763170015998185, 0.15741829993203282, 0.15882820007391274, 0.16018519992940128, 0.1591547999996692, 0.15884409984573722, 0.15906050009652972, 0.15928359981626272, 0.15785899991169572, 0.1587133000139147, 0.1597317000851035, 0.15902290004305542, 0.15928090014494956, 0.1578009999357164, 0.15825460013002157, 0.1588371000252664, 0.15805629990063608, 0.20142240007407963, 0.15831839991733432, 0.16008519986644387, 0.15771780000068247, 0.15822619991376996, 0.1590080999303609, 0.1588397000450641, 0.1580447000451386, 0.158117099897936, 0.15865240013226867, 0.15770529978908598, 0.15848950017243624, 0.1583414999768138, 0.15863229986280203, 0.15834899991750717, 0.15968449995853007, 0.1580495999660343, 0.15835619997233152, 0.1586462000850588, 0.15867350017651916, 0.15819280012510717, 0.15858080005273223, 0.15836220001801848, 0.1593206999823451, 0.1589456000365317, 0.15888360003009439, 0.15833619982004166, 0.15861929999664426, 0.15960759995505214, 0.15943140001036227, 0.15776060009375215, 0.1586187998764217, 0.1687598000280559, 0.15870489994995296, 0.15896959998644888, 0.15792270004749298, 0.1585524999536574, 0.1597276001702994, 0.17096139979548752, 0.15957500017248094, 0.1582772999536246, 0.15839210012927651, 0.15815789997577667, 0.16127809998579323, 0.16038000001572073, 0.1594072999432683, 0.15784969995729625, 0.15712739992886782, 0.1593999001197517, 0.15873960009776056, 0.15915900003165007, 0.15817390009760857, 0.15867439983412623, 0.1587394999805838, 0.1593218999914825, 0.15932300011627376, 0.1589651999529451, 0.19763119984418154, 0.15883169998414814, 0.15933410008437932, 0.15909010008908808, 0.15967860003001988, 0.15857860003598034, 0.15881119994446635, 0.15961600001901388, 0.1583258998580277, 0.15814079996198416, 0.15940919984132051, 0.15879729995504022, 0.1592365000396967, 0.15914439992047846, 0.15861629997380078, 0.15831720014102757, 0.15731899999082088, 0.1580294999293983, 0.1580912999343127, 0.15877479990012944, 0.15833880007266998, 0.15821209992282093, 0.1572903001215309, 0.17036119988188148, 0.1589734998997301, 0.16177810006774962, 0.1584826000034809, 0.159235900035128, 0.15833569993264973, 0.16075709997676313, 0.1577715000603348, 0.15778989996761084, 0.15833799983374774, 0.1598062999546528, 0.15890930010937154, 0.15877929981797934, 0.1587470001541078, 0.15849669999442995, 0.20683049992658198, 0.1579418999608606, 0.15821009990759194, 0.15747469989582896, 0.15862899995408952, 0.15867540007457137, 0.16253109998069704, 0.16250999993644655, 0.1586074000224471, 0.16061970009468496, 0.15804889984428883, 0.15809969999827445, 0.15930840000510216, 0.15681239985860884, 0.1589700998738408, 0.15772569994442165, 0.15778569993562996, 0.1585051000583917, 0.15843249997124076, 0.16757920011878014, 0.15987719991244376, 0.15880939993076026, 0.17286999989300966, 0.15880309999920428, 0.15872840001247823, 0.15816079988144338, 0.172653199872002, 0.15835950011387467, 0.15818460006266832, 0.1585996998474002, 0.15835079993121326, 0.1585488999262452, 0.1585506999399513, 0.15973229985684156, 0.1583219999447465, 0.1708136999513954, 0.1592204999178648, 0.15917110000737011, 0.16086449986323714, 0.16035949997603893, 0.15991610009223223, 0.15891740005463362, 0.15868060011416674, 0.16685039992444217, 0.1597951001022011, 0.16064500017091632, 0.15943040000274777, 0.15937329991720617, 0.15964330011047423, 0.15909369988366961, 0.1585083999671042, 0.15813750005327165, 0.1586409998126328, 0.1584124001674354, 0.15854309988208115, 0.15952360001392663, 0.15724439988844097, 0.15873369993641973, 0.15826010005548596, 0.1586279000621289, 0.15953569998964667, 0.15927509986795485, 0.15865860017947853, 0.2169156998861581, 0.15749059990048409, 0.15791469998657703, 0.161116800038144, 0.16000110004097223, 0.15853979997336864, 0.2035604000557214, 0.1592727000825107, 0.15846890001557767, 0.158258399926126, 0.15884969988837838, 0.15815860009752214, 0.15829620021395385, 0.15942440018989146, 0.1585647000465542, 0.16067850007675588, 0.158573699882254, 0.1587407998740673, 0.1587141000200063, 0.15868370002135634, 0.1586760999634862, 0.1615656998474151, 0.15906420000828803, 0.15964159998111427, 0.15888380003161728, 0.15876480005681515, 0.1593666998669505, 0.15902830008417368, 0.15812229993753135, 0.15995360002852976, 0.1586917000822723, 0.15831470000557601, 0.15861400007270277, 0.15762319997884333, 0.15886200009845197, 0.1587326000444591, 0.15955460001714528, 0.15795450005680323, 0.15889439987950027, 0.15802159998565912, 0.15914279990829527, 0.15855529997497797, 0.15884310007095337, 0.1578351000789553, 0.17132059996947646, 0.15833229990676045, 0.15851700003258884, 0.15905210003256798, 0.1576918000355363, 